{"DocumentId":"E-mail Distribution list Creation-Modification   Form AR","ContentType":"application/pdf","Length":1092,"Pages":[{"PageIndex":0,"Size":[0.0,0.0,612.0,792.0],"Sections":[{"IndexInText":0,"Language":"eng","Length":21,"Rotation":"None","SkewAngle":-0.1,"Type":"Paragraph","WordGroups":[{"IndexInText":0,"Length":21,"Type":"Heading","Words":[{"Box":[35.2,76.53,43.2,14.4],"Polygon":[76.53,35.2,119.73,35.2,119.73,49.6,76.53,49.6],"IndexInText":0,"OcrConfidence":0.98999995,"Text":"Central","VisualLineNumber":0,"TextType":"Unknown"},{"Box":[35.2,122.67,30.67,14.4],"Polygon":[122.67,35.2,153.33,35.2,153.33,49.6,122.67,49.6],"IndexInText":8,"OcrConfidence":0.98999995,"Text":"Bank","VisualLineNumber":0,"TextType":"Unknown"},{"Box":[35.2,156.0,12.53,14.4],"Polygon":[156.0,35.2,168.53,35.2,168.53,49.6,156.0,49.6],"IndexInText":13,"OcrConfidence":0.83,"Text":"of","VisualLineNumber":0,"TextType":"Unknown"},{"Box":[35.2,170.67,33.33,17.33],"Polygon":[170.67,35.2,204.0,35.2,204.0,52.53,170.67,52.53],"IndexInText":16,"OcrConfidence":0.98999995,"Text":"Egypt","VisualLineNumber":0,"TextType":"Unknown"}]}]},{"IndexInText":23,"Language":"eng","Length":38,"Rotation":"None","SkewAngle":0.0,"Type":"Paragraph","WordGroups":[{"IndexInText":23,"Length":38,"Type":"Heading","Words":[{"Box":[54.89,67.02,18.76,9.35],"Polygon":[67.02,54.89,85.78,54.89,85.78,64.24,67.02,64.24],"IndexInText":23,"OcrConfidence":1.0,"Text":"Paym","VisualLineNumber":1,"TextType":"Unknown"},{"Box":[54.89,86.83,10.84,9.35],"Polygon":[86.83,54.89,97.67,54.89,97.67,64.24,86.83,64.24],"IndexInText":28,"OcrConfidence":1.0,"Text":"ent","VisualLineNumber":1,"TextType":"Unknown"},{"Box":[54.89,100.39,29.43,9.35],"Polygon":[100.39,54.89,129.82,54.89,129.82,64.24,100.39,64.24],"IndexInText":32,"OcrConfidence":1.0,"Text":"Systems","VisualLineNumber":1,"TextType":"Unknown"},{"Box":[54.89,132.53,5.05,9.35],"Polygon":[132.53,54.89,137.57,54.89,137.57,64.24,132.53,64.24],"IndexInText":40,"OcrConfidence":1.0,"Text":"&","VisualLineNumber":1,"TextType":"Unknown"},{"Box":[54.89,140.15,31.06,9.35],"Polygon":[140.15,54.89,171.2,54.89,171.2,64.24,140.15,64.24],"IndexInText":42,"OcrConfidence":1.0,"Text":"Business","VisualLineNumber":1,"TextType":"Unknown"},{"Box":[54.89,174.3,41.37,9.35],"Polygon":[174.3,54.89,215.67,54.89,215.67,64.24,174.3,64.24],"IndexInText":51,"OcrConfidence":1.0,"Text":"Technology","VisualLineNumber":1,"TextType":"Unknown"}]}]},{"IndexInText":63,"Language":"eng","Length":111,"Rotation":"None","SkewAngle":0.0,"Type":"Paragraph","WordGroups":[{"IndexInText":63,"Length":111,"Type":"Other","Words":[{"Box":[68.45,223.98,46.31,27.27],"Polygon":[223.98,68.45,270.29,68.45,270.29,95.72,223.98,95.72],"IndexInText":63,"OcrConfidence":1.0,"Text":"E-mail","VisualLineNumber":2,"TextType":"Unknown"},{"Box":[68.45,274.16,83.5,27.27],"Polygon":[274.16,68.45,357.67,68.45,357.67,95.72,274.16,95.72],"IndexInText":70,"OcrConfidence":1.0,"Text":"Distribution","VisualLineNumber":2,"TextType":"Unknown"},{"Box":[68.45,361.72,26.66,27.27],"Polygon":[361.72,68.45,388.38,68.45,388.38,95.72,361.72,95.72],"IndexInText":83,"OcrConfidence":1.0,"Text":"List","VisualLineNumber":2,"TextType":"Unknown"},{"Box":[92.48,204.81,60.37,27.27],"Polygon":[204.81,92.48,265.19,92.48,265.19,119.75,204.81,119.75],"IndexInText":88,"OcrConfidence":1.0,"Text":"Creation","VisualLineNumber":3,"TextType":"Unknown"},{"Box":[92.48,269.32,4.46,27.27],"Polygon":[269.32,92.48,273.77,92.48,273.77,119.75,269.32,119.75],"IndexInText":97,"OcrConfidence":1.0,"Text":"/","VisualLineNumber":3,"TextType":"Unknown"},{"Box":[92.48,277.67,87.8,27.27],"Polygon":[277.67,92.48,365.47,92.48,365.47,119.75,277.67,119.75],"IndexInText":99,"OcrConfidence":1.0,"Text":"Modification","VisualLineNumber":3,"TextType":"Unknown"},{"Box":[92.48,369.45,38.17,27.27],"Polygon":[369.45,92.48,407.62,92.48,407.62,119.75,369.45,119.75],"IndexInText":112,"OcrConfidence":1.0,"Text":"Form","VisualLineNumber":3,"TextType":"Unknown"},{"Box":[123.56,89.01,18.77,19.2],"Polygon":[89.01,123.56,107.78,123.56,107.78,142.76,89.01,142.76],"IndexInText":117,"OcrConfidence":1.0,"Text":"The","VisualLineNumber":4,"TextType":"Unknown"},{"Box":[123.56,110.66,28.22,19.2],"Polygon":[110.66,123.56,138.88,123.56,138.88,142.76,110.66,142.76],"IndexInText":121,"OcrConfidence":1.0,"Text":"below","VisualLineNumber":4,"TextType":"Unknown"},{"Box":[123.56,141.78,33.12,19.2],"Polygon":[141.78,123.56,174.91,123.56,174.91,142.76,141.78,142.76],"IndexInText":127,"OcrConfidence":1.0,"Text":"section","VisualLineNumber":4,"TextType":"Unknown"},{"Box":[123.56,177.66,31.99,19.2],"Polygon":[177.66,123.56,209.65,123.56,209.65,142.76,177.66,142.76],"IndexInText":135,"OcrConfidence":1.0,"Text":"should","VisualLineNumber":4,"TextType":"Unknown"},{"Box":[123.56,212.41,11.22,19.2],"Polygon":[212.41,123.56,223.63,123.56,223.63,142.76,212.41,142.76],"IndexInText":142,"OcrConfidence":1.0,"Text":"be","VisualLineNumber":4,"TextType":"Unknown"},{"Box":[123.56,226.51,24.62,19.2],"Polygon":[226.51,123.56,251.13,123.56,251.13,142.76,226.51,142.76],"IndexInText":145,"OcrConfidence":1.0,"Text":"filled","VisualLineNumber":4,"TextType":"Unknown"},{"Box":[123.56,253.87,11.85,19.2],"Polygon":[253.87,123.56,265.72,123.56,265.72,142.76,253.87,142.76],"IndexInText":152,"OcrConfidence":1.0,"Text":"by","VisualLineNumber":4,"TextType":"Unknown"},{"Box":[123.56,268.53,41.36,19.2],"Polygon":[268.53,123.56,309.89,123.56,309.89,142.76,268.53,142.76],"IndexInText":155,"OcrConfidence":1.0,"Text":"Business","VisualLineNumber":4,"TextType":"Unknown"},{"Box":[123.56,312.73,52.7,19.2],"Polygon":[312.73,123.56,365.43,123.56,365.43,142.76,312.73,142.76],"IndexInText":164,"OcrConfidence":1.0,"Text":"Requester:","VisualLineNumber":4,"TextType":"Unknown"}]}]},{"IndexInText":176,"Language":"tel","Length":10,"Rotation":"None","SkewAngle":-0.1,"Type":"Paragraph","WordGroups":[{"IndexInText":176,"Length":10,"Type":"Other","Words":[{"Box":[151.73,254.4,24.53,6.93],"Polygon":[254.4,151.73,278.93,151.73,278.93,158.67,254.4,158.67],"IndexInText":176,"OcrConfidence":0.95,"Text":"محمد","VisualLineNumber":5,"TextType":"Unknown"},{"Box":[148.27,222.4,28.53,13.07],"Polygon":[222.4,148.27,250.93,148.27,250.93,161.33,222.4,161.33],"IndexInText":181,"OcrConfidence":0.93,"Text":"مامون","VisualLineNumber":5,"TextType":"Unknown"}]}]},{"IndexInText":188,"Language":"eng","Length":19,"Rotation":"None","SkewAngle":0.0,"Type":"Paragraph","WordGroups":[{"IndexInText":188,"Length":19,"Type":"Other","Words":[{"Box":[153.73,83.93,33.45,17.65],"Polygon":[83.93,153.73,117.38,153.73,117.38,171.38,83.93,171.38],"IndexInText":188,"OcrConfidence":1.0,"Text":"Request","VisualLineNumber":6,"TextType":"Unknown"},{"Box":[153.73,119.79,18.34,17.65],"Polygon":[119.79,153.73,138.13,153.73,138.13,171.38,119.79,171.38],"IndexInText":196,"OcrConfidence":1.0,"Text":"by*:","VisualLineNumber":6,"TextType":"Unknown"},{"Box":[176.86,83.93,22.42,17.65],"Polygon":[83.93,176.86,106.35,176.86,106.35,194.51,83.93,194.51],"IndexInText":201,"OcrConfidence":1.0,"Text":"Title:","VisualLineNumber":8,"TextType":"Unknown"}]}]},{"IndexInText":209,"Language":"tel","Length":25,"Rotation":"None","SkewAngle":-0.1,"Type":"Paragraph","WordGroups":[{"IndexInText":209,"Length":25,"Type":"Other","Words":[{"Box":[173.07,162.93,24.53,12.8],"Polygon":[162.93,173.07,187.47,173.07,187.47,185.87,162.93,185.87],"IndexInText":209,"OcrConfidence":0.56,"Text":"رئيس","VisualLineNumber":7,"TextType":"Unknown"},{"Box":[173.33,138.4,22.4,12.53],"Polygon":[138.4,173.33,160.8,173.33,160.8,185.87,138.4,185.87],"IndexInText":214,"OcrConfidence":0.98999995,"Text":"فريق","VisualLineNumber":7,"TextType":"Unknown"},{"Box":[199.47,175.2,38.67,10.93],"Polygon":[175.2,199.47,213.87,199.47,213.87,210.4,175.2,210.4],"IndexInText":219,"OcrConfidence":0.98999995,"Text":"الخدمات","VisualLineNumber":10,"TextType":"Unknown"},{"Box":[222.93,164.53,38.13,14.4],"Polygon":[164.53,222.93,202.67,222.93,202.67,237.33,164.53,237.33],"IndexInText":227,"OcrConfidence":0.31,"Text":"الباببس","VisualLineNumber":11,"TextType":"Unknown"}]}]},{"IndexInText":236,"Language":"fra","Length":12,"Rotation":"None","SkewAngle":0.0,"Type":"Paragraph","WordGroups":[{"IndexInText":236,"Length":12,"Type":"Other","Words":[{"Box":[202.87,83.93,56.76,13.63],"Polygon":[83.93,202.87,140.69,202.87,140.69,216.5,83.93,216.5],"IndexInText":236,"OcrConfidence":1.0,"Text":"Department*:","VisualLineNumber":10,"TextType":"Unknown"}]}]},{"IndexInText":250,"Language":"eng","Length":17,"Rotation":"None","SkewAngle":0.0,"Type":"Paragraph","WordGroups":[{"IndexInText":250,"Length":17,"Type":"Other","Words":[{"Box":[223.24,83.93,36.79,17.65],"Polygon":[83.93,223.24,120.72,223.24,120.72,240.88,83.93,240.88],"IndexInText":250,"OcrConfidence":1.0,"Text":"Location","VisualLineNumber":11,"TextType":"Unknown"},{"Box":[223.24,123.31,32.21,17.65],"Polygon":[123.31,223.24,155.51,223.24,155.51,240.88,123.31,240.88],"IndexInText":259,"OcrConfidence":1.0,"Text":"(Floor):","VisualLineNumber":11,"TextType":"Unknown"}]}]},{"IndexInText":269,"Language":"und","Length":4,"Rotation":"None","SkewAngle":-0.1,"Type":"Paragraph","WordGroups":[{"IndexInText":269,"Length":4,"Type":"Other","Words":[{"Box":[245.6,219.73,27.2,9.07],"Polygon":[219.73,245.6,246.93,245.6,246.93,254.67,219.73,254.67],"IndexInText":269,"OcrConfidence":0.97999996,"Text":"٢٠١٧","VisualLineNumber":12,"TextType":"Unknown"}]}]},{"IndexInText":275,"Language":"eng","Length":21,"Rotation":"None","SkewAngle":0.0,"Type":"Paragraph","WordGroups":[{"IndexInText":275,"Length":21,"Type":"Other","Words":[{"Box":[249.13,83.93,44.15,13.63],"Polygon":[83.93,249.13,128.08,249.13,128.08,262.76,83.93,262.76],"IndexInText":275,"OcrConfidence":1.0,"Text":"Telephone","VisualLineNumber":13,"TextType":"Unknown"},{"Box":[249.13,130.68,49.66,13.63],"Polygon":[130.68,249.13,180.34,249.13,180.34,262.76,130.68,262.76],"IndexInText":285,"OcrConfidence":1.0,"Text":"Extension*:","VisualLineNumber":13,"TextType":"Unknown"}]}]},{"IndexInText":298,"Language":"eng","Length":33,"Rotation":"None","SkewAngle":0.0,"Type":"Paragraph","WordGroups":[{"IndexInText":298,"Length":33,"Type":"Heading","Words":[{"Box":[280.09,100.85,29.85,17.67],"Polygon":[100.85,280.09,130.69,280.09,130.69,297.76,100.85,297.76],"IndexInText":298,"OcrConfidence":1.0,"Text":"E-mail","VisualLineNumber":14,"TextType":"Unknown"},{"Box":[280.09,133.23,54.14,17.67],"Polygon":[133.23,280.09,187.37,280.09,187.37,297.76,133.23,297.76],"IndexInText":305,"OcrConfidence":1.0,"Text":"Distribution","VisualLineNumber":14,"TextType":"Unknown"},{"Box":[280.09,189.83,17.23,17.67],"Polygon":[189.83,280.09,207.06,280.09,207.06,297.76,189.83,297.76],"IndexInText":318,"OcrConfidence":1.0,"Text":"List","VisualLineNumber":14,"TextType":"Unknown"},{"Box":[280.09,209.69,39.17,17.67],"Polygon":[209.69,280.09,248.86,280.09,248.86,297.76,209.69,297.76],"IndexInText":323,"OcrConfidence":1.0,"Text":"Creation","VisualLineNumber":14,"TextType":"Unknown"}]}]},{"IndexInText":333,"Language":"und","Length":1,"Rotation":"None","SkewAngle":-0.1,"Type":"Paragraph","WordGroups":[{"IndexInText":333,"Length":1,"Type":"Other","Words":[{"Box":[285.07,89.6,7.73,8.27],"Polygon":[89.6,285.07,97.33,285.07,97.33,293.33,89.6,293.33],"IndexInText":333,"OcrConfidence":0.98999995,"Text":"☒","VisualLineNumber":14,"TextType":"Unknown"}]}]},{"IndexInText":336,"Language":"eng","Length":43,"Rotation":"None","SkewAngle":0.0,"Type":"Paragraph","WordGroups":[{"IndexInText":336,"Length":43,"Type":"Other","Words":[{"Box":[303.23,89.01,24.67,17.65],"Polygon":[89.01,303.23,113.67,303.23,113.67,320.88,89.01,320.88],"IndexInText":336,"OcrConfidence":1.0,"Text":"Email","VisualLineNumber":15,"TextType":"Unknown"},{"Box":[303.23,116.21,41.99,17.65],"Polygon":[116.21,303.23,158.2,303.23,158.2,320.88,116.21,320.88],"IndexInText":342,"OcrConfidence":1.0,"Text":"Address*:","VisualLineNumber":15,"TextType":"Unknown"},{"Box":[320.83,89.01,20.22,17.65],"Polygon":[89.01,320.83,109.23,320.83,109.23,338.48,89.01,338.48],"IndexInText":352,"OcrConfidence":1.0,"Text":"CBE","VisualLineNumber":16,"TextType":"Unknown"},{"Box":[320.83,111.78,39.01,17.65],"Polygon":[111.78,320.83,150.79,320.83,150.79,338.48,111.78,338.48],"IndexInText":356,"OcrConfidence":1.0,"Text":"Members","VisualLineNumber":16,"TextType":"Unknown"},{"Box":[320.83,153.39,31.53,17.65],"Polygon":[153.39,320.83,184.92,320.83,184.92,338.48,153.39,338.48],"IndexInText":364,"OcrConfidence":1.0,"Text":"Emails:","VisualLineNumber":16,"TextType":"Unknown"},{"Box":[338.32,92.39,5.19,17.65],"Polygon":[92.39,338.32,97.58,338.32,97.58,355.97,92.39,355.97],"IndexInText":372,"OcrConfidence":1.0,"Text":"1","VisualLineNumber":18,"TextType":"Unknown"},{"Box":[357.61,92.39,5.19,17.65],"Polygon":[92.39,357.61,97.58,357.61,97.58,375.26,92.39,375.26],"IndexInText":374,"OcrConfidence":1.0,"Text":"2","VisualLineNumber":19,"TextType":"Unknown"},{"Box":[376.91,92.39,5.19,17.65],"Polygon":[92.39,376.91,97.58,376.91,97.58,394.55,92.39,394.55],"IndexInText":376,"OcrConfidence":1.0,"Text":"3","VisualLineNumber":20,"TextType":"Unknown"},{"Box":[396.31,92.39,5.19,17.65],"Polygon":[92.39,396.31,97.58,396.31,97.58,413.96,92.39,413.96],"IndexInText":378,"OcrConfidence":1.0,"Text":"4","VisualLineNumber":21,"TextType":"Unknown"}]}]},{"IndexInText":381,"Language":"eng","Length":22,"Rotation":"None","SkewAngle":-0.1,"Type":"Paragraph","WordGroups":[{"IndexInText":381,"Length":22,"Type":"Other","Words":[{"Box":[306.67,171.47,26.13,11.2],"Polygon":[171.47,306.67,197.6,306.67,197.6,317.87,171.47,317.87],"IndexInText":381,"OcrConfidence":0.37,"Text":"TTest.","VisualLineNumber":15,"TextType":"Unknown"},{"Box":[338.67,142.67,59.73,11.47],"Polygon":[142.67,338.67,202.4,338.67,202.4,350.13,142.67,350.13],"IndexInText":388,"OcrConfidence":0.97999996,"Text":"Mohamed.","VisualLineNumber":18,"TextType":"Unknown"},{"Box":[341.07,203.73,50.93,9.33],"Polygon":[203.73,341.07,254.67,341.07,254.67,350.4,203.73,350.4],"IndexInText":397,"OcrConfidence":0.98999995,"Text":"mamoun","VisualLineNumber":18,"TextType":"Unknown"}]}]},{"IndexInText":405,"Language":"und","Length":3,"Rotation":"None","SkewAngle":-0.1,"Type":"Paragraph","WordGroups":[{"IndexInText":405,"Length":3,"Type":"Other","Words":[{"Box":[303.2,281.6,25.33,11.47],"Polygon":[281.6,303.2,306.93,303.2,306.93,314.67,281.6,314.67],"IndexInText":405,"OcrConfidence":0.98999995,"Text":"PoC","VisualLineNumber":15,"TextType":"Unknown"}]}]},{"IndexInText":410,"Language":"eng","Length":28,"Rotation":"None","SkewAngle":0.0,"Type":"Paragraph","WordGroups":[{"IndexInText":410,"Length":28,"Type":"Other","Words":[{"Box":[427.56,100.85,29.85,17.67],"Polygon":[100.85,427.56,130.69,427.56,130.69,445.22,100.85,445.22],"IndexInText":410,"OcrConfidence":1.0,"Text":"E-mail","VisualLineNumber":22,"TextType":"Unknown"},{"Box":[427.56,133.23,34.6,17.67],"Polygon":[133.23,427.56,167.82,427.56,167.82,445.22,133.23,445.22],"IndexInText":417,"OcrConfidence":1.0,"Text":"account","VisualLineNumber":22,"TextType":"Unknown"},{"Box":[427.56,170.34,59.8,17.89],"Polygon":[170.34,427.56,230.14,427.56,230.14,445.44,170.34,445.44],"IndexInText":425,"OcrConfidence":1.0,"Text":"Modification:","VisualLineNumber":22,"TextType":"Unknown"}]}]},{"IndexInText":440,"Language":"und","Length":1,"Rotation":"None","SkewAngle":-0.1,"Type":"Paragraph","WordGroups":[{"IndexInText":440,"Length":1,"Type":"Other","Words":[{"Box":[433.07,89.6,7.2,7.2],"Polygon":[89.6,433.07,96.8,433.07,96.8,440.27,89.6,440.27],"IndexInText":440,"OcrConfidence":0.98999995,"Text":"☐","VisualLineNumber":22,"TextType":"Unknown"}]}]},{"IndexInText":443,"Language":"eng","Length":56,"Rotation":"None","SkewAngle":0.0,"Type":"Paragraph","WordGroups":[{"IndexInText":443,"Length":56,"Type":"Other","Words":[{"Box":[452.62,111.11,17.83,17.65],"Polygon":[111.11,452.62,128.94,452.62,128.94,470.26,111.11,470.26],"IndexInText":443,"OcrConfidence":1.0,"Text":"Add","VisualLineNumber":23,"TextType":"Unknown"},{"Box":[452.62,131.53,20.22,17.65],"Polygon":[131.53,452.62,151.75,452.62,151.75,470.26,131.53,470.26],"IndexInText":447,"OcrConfidence":1.0,"Text":"CBE","VisualLineNumber":23,"TextType":"Unknown"},{"Box":[452.62,154.32,35.04,17.65],"Polygon":[154.32,452.62,189.37,452.62,189.37,470.26,154.32,470.26],"IndexInText":451,"OcrConfidence":1.0,"Text":"Member","VisualLineNumber":23,"TextType":"Unknown"},{"Box":[452.62,191.99,24.55,17.65],"Polygon":[191.99,452.62,216.55,452.62,216.55,470.26,191.99,470.26],"IndexInText":458,"OcrConfidence":1.0,"Text":"Email","VisualLineNumber":23,"TextType":"Unknown"},{"Box":[452.62,219.02,34.05,17.65],"Polygon":[219.02,452.62,253.07,452.62,253.07,470.26,219.02,470.26],"IndexInText":464,"OcrConfidence":1.0,"Text":"Address","VisualLineNumber":23,"TextType":"Unknown"},{"Box":[470.1,100.85,20.22,17.65],"Polygon":[100.85,470.1,121.07,470.1,121.07,487.75,100.85,487.75],"IndexInText":472,"OcrConfidence":1.0,"Text":"CBE","VisualLineNumber":24,"TextType":"Unknown"},{"Box":[470.1,123.62,39.01,17.65],"Polygon":[123.62,470.1,162.63,470.1,162.63,487.75,123.62,487.75],"IndexInText":476,"OcrConfidence":1.0,"Text":"Members","VisualLineNumber":24,"TextType":"Unknown"},{"Box":[470.1,165.23,31.53,17.65],"Polygon":[165.23,470.1,196.76,470.1,196.76,487.75,165.23,487.75],"IndexInText":484,"OcrConfidence":1.0,"Text":"Emails:","VisualLineNumber":24,"TextType":"Unknown"},{"Box":[487.71,100.85,5.19,17.65],"Polygon":[100.85,487.71,106.04,487.71,106.04,505.35,100.85,505.35],"IndexInText":492,"OcrConfidence":1.0,"Text":"1","VisualLineNumber":25,"TextType":"Unknown"},{"Box":[507.0,100.85,5.19,17.65],"Polygon":[100.85,507.0,106.04,507.0,106.04,524.65,100.85,524.65],"IndexInText":494,"OcrConfidence":1.0,"Text":"2","VisualLineNumber":26,"TextType":"Unknown"},{"Box":[526.29,100.85,5.19,17.65],"Polygon":[100.85,526.29,106.04,526.29,106.04,543.94,100.85,543.94],"IndexInText":496,"OcrConfidence":1.0,"Text":"3","VisualLineNumber":27,"TextType":"Unknown"},{"Box":[545.59,100.85,5.19,17.65],"Polygon":[100.85,545.59,106.04,545.59,106.04,563.23,100.85,563.23],"IndexInText":498,"OcrConfidence":1.0,"Text":"4","VisualLineNumber":28,"TextType":"Unknown"}]}]},{"IndexInText":501,"Language":"und","Length":1,"Rotation":"None","SkewAngle":-0.1,"Type":"Paragraph","WordGroups":[{"IndexInText":501,"Length":1,"Type":"Other","Words":[{"Box":[457.6,99.73,7.2,7.47],"Polygon":[99.73,457.6,106.93,457.6,106.93,465.07,99.73,465.07],"IndexInText":501,"OcrConfidence":0.98999995,"Text":"☐","VisualLineNumber":23,"TextType":"Unknown"}]}]},{"IndexInText":504,"Language":"und","Length":1,"Rotation":"None","SkewAngle":-0.1,"Type":"Paragraph","WordGroups":[{"IndexInText":504,"Length":1,"Type":"Other","Words":[{"Box":[457.87,312.8,7.2,7.2],"Polygon":[312.8,457.87,320.0,457.87,320.0,465.07,312.8,465.07],"IndexInText":504,"OcrConfidence":0.98999995,"Text":"☐","VisualLineNumber":23,"TextType":"Unknown"}]}]},{"IndexInText":507,"Language":"und","Length":3,"Rotation":"None","SkewAngle":-0.1,"Type":"Paragraph","WordGroups":[{"IndexInText":507,"Length":3,"Type":"Other","Words":[{"Box":[196.53,424.0,22.67,11.73],"Polygon":[424.0,196.53,446.67,196.53,446.67,208.27,424.0,208.27],"IndexInText":507,"OcrConfidence":0.98999995,"Text":"QSI","VisualLineNumber":9,"TextType":"Unknown"}]}]},{"IndexInText":512,"Language":"tur","Length":18,"Rotation":"None","SkewAngle":-0.1,"Type":"Paragraph","WordGroups":[{"IndexInText":512,"Length":18,"Type":"Other","Words":[{"Box":[223.47,382.67,37.07,10.13],"Polygon":[382.67,223.47,419.73,223.47,419.73,233.6,382.67,233.6],"IndexInText":512,"OcrConfidence":0.95,"Text":"٦٠٢.٢٥","VisualLineNumber":11,"TextType":"Unknown"},{"Box":[245.33,399.47,73.33,10.13],"Polygon":[399.47,245.33,472.8,245.33,472.8,255.47,399.47,255.47],"IndexInText":519,"OcrConfidence":0.95,"Text":"٠١٠٤٤٤٤٤٨٣٣","VisualLineNumber":12,"TextType":"Unknown"}]}]},{"IndexInText":532,"Language":"zlm","Length":11,"Rotation":"None","SkewAngle":-0.1,"Type":"Paragraph","WordGroups":[{"IndexInText":532,"Length":11,"Type":"Other","Words":[{"Box":[335.47,369.33,72.8,11.73],"Polygon":[369.33,335.47,442.13,335.47,442.13,347.2,369.33,347.2],"IndexInText":532,"OcrConfidence":0.98999995,"Text":"Omnia.selim","VisualLineNumber":17,"TextType":"Unknown"}]}]},{"IndexInText":545,"Language":"eng","Length":48,"Rotation":"None","SkewAngle":0.0,"Type":"Paragraph","WordGroups":[{"IndexInText":545,"Length":48,"Type":"Other","Words":[{"Box":[581.57,89.01,17.36,17.67],"Polygon":[89.01,581.57,106.36,581.57,106.36,599.23,89.01,599.23],"IndexInText":545,"OcrConfidence":1.0,"Text":"The","VisualLineNumber":29,"TextType":"Unknown"},{"Box":[581.57,108.97,25.78,17.67],"Polygon":[108.97,581.57,134.75,581.57,134.75,599.23,108.97,599.23],"IndexInText":549,"OcrConfidence":1.0,"Text":"below","VisualLineNumber":29,"TextType":"Unknown"},{"Box":[581.57,137.39,30.48,17.67],"Polygon":[137.39,581.57,167.88,581.57,167.88,599.23,137.39,599.23],"IndexInText":555,"OcrConfidence":1.0,"Text":"section","VisualLineNumber":29,"TextType":"Unknown"},{"Box":[581.57,170.34,29.34,17.67],"Polygon":[170.34,581.57,199.68,581.57,199.68,599.23,170.34,599.23],"IndexInText":563,"OcrConfidence":1.0,"Text":"should","VisualLineNumber":29,"TextType":"Unknown"},{"Box":[581.57,202.14,10.37,17.67],"Polygon":[202.14,581.57,212.51,581.57,212.51,599.23,202.14,599.23],"IndexInText":570,"OcrConfidence":1.0,"Text":"be","VisualLineNumber":29,"TextType":"Unknown"},{"Box":[581.57,215.0,22.48,17.67],"Polygon":[215.0,581.57,237.48,581.57,237.48,599.23,215.0,599.23],"IndexInText":573,"OcrConfidence":1.0,"Text":"filled","VisualLineNumber":29,"TextType":"Unknown"},{"Box":[581.57,240.0,13.29,17.67],"Polygon":[240.0,581.57,253.29,581.57,253.29,599.23,240.0,599.23],"IndexInText":580,"OcrConfidence":1.0,"Text":"for","VisualLineNumber":29,"TextType":"Unknown"},{"Box":[581.57,255.78,45.41,17.67],"Polygon":[255.78,581.57,301.19,581.57,301.19,599.23,255.78,599.23],"IndexInText":584,"OcrConfidence":1.0,"Text":"Approval:","VisualLineNumber":29,"TextType":"Unknown"}]}]},{"IndexInText":595,"Language":"eng","Length":36,"Rotation":"None","SkewAngle":0.0,"Type":"Paragraph","WordGroups":[{"IndexInText":595,"Length":36,"Type":"Other","Words":[{"Box":[200.11,316.79,35.66,17.65],"Polygon":[316.79,200.11,352.44,200.11,352.44,217.75,316.79,217.75],"IndexInText":595,"OcrConfidence":1.0,"Text":"Division","VisualLineNumber":10,"TextType":"Unknown"},{"Box":[200.11,355.04,33.36,17.65],"Polygon":[355.04,200.11,388.4,200.11,388.4,217.75,355.04,217.75],"IndexInText":604,"OcrConfidence":1.0,"Text":"(Group)","VisualLineNumber":10,"TextType":"Unknown"},{"Box":[200.11,391.03,7.92,17.65],"Polygon":[391.03,200.11,398.95,200.11,398.95,217.75,391.03,217.75],"IndexInText":612,"OcrConfidence":1.0,"Text":"*:","VisualLineNumber":10,"TextType":"Unknown"},{"Box":[223.24,316.79,17.88,17.65],"Polygon":[316.79,223.24,334.67,223.24,334.67,240.88,316.79,240.88],"IndexInText":615,"OcrConfidence":1.0,"Text":"Seat","VisualLineNumber":11,"TextType":"Unknown"},{"Box":[223.24,337.21,24.11,17.65],"Polygon":[337.21,223.24,361.31,223.24,361.31,240.88,337.21,240.88],"IndexInText":620,"OcrConfidence":1.0,"Text":"(Cell)","VisualLineNumber":11,"TextType":"Unknown"},{"Box":[223.24,363.81,18.23,17.65],"Polygon":[363.81,223.24,382.04,223.24,382.04,240.88,363.81,240.88],"IndexInText":627,"OcrConfidence":1.0,"Text":"No.:","VisualLineNumber":11,"TextType":"Unknown"}]}]},{"IndexInText":633,"Language":"ita","Length":9,"Rotation":"None","SkewAngle":0.0,"Type":"Paragraph","WordGroups":[{"IndexInText":633,"Length":9,"Type":"Other","Words":[{"Box":[249.13,304.83,30.08,13.63],"Polygon":[304.83,249.13,334.91,249.13,334.91,262.76,304.83,262.76],"IndexInText":633,"OcrConfidence":1.0,"Text":"Mobile","VisualLineNumber":13,"TextType":"Unknown"},{"Box":[249.13,337.51,7.97,13.63],"Polygon":[337.51,249.13,345.47,249.13,345.47,262.76,337.51,262.76],"IndexInText":640,"OcrConfidence":1.0,"Text":"*:","VisualLineNumber":13,"TextType":"Unknown"}]}]},{"IndexInText":644,"Language":"nor","Length":11,"Rotation":"None","SkewAngle":0.0,"Type":"Paragraph","WordGroups":[{"IndexInText":644,"Length":11,"Type":"Other","Words":[{"Box":[303.23,348.81,52.67,17.65],"Polygon":[348.81,303.23,401.48,303.23,401.48,320.88,348.81,320.88],"IndexInText":644,"OcrConfidence":1.0,"Text":"@cbe.org.eg","VisualLineNumber":15,"TextType":"Unknown"}]}]},{"IndexInText":657,"Language":"tur","Length":7,"Rotation":"None","SkewAngle":0.0,"Type":"Paragraph","WordGroups":[{"IndexInText":657,"Length":7,"Type":"Other","Words":[{"Box":[338.32,314.53,5.19,17.65],"Polygon":[314.53,338.32,319.73,338.32,319.73,355.97,314.53,355.97],"IndexInText":657,"OcrConfidence":1.0,"Text":"2","VisualLineNumber":18,"TextType":"Unknown"},{"Box":[357.61,311.94,5.19,17.65],"Polygon":[311.94,357.61,317.13,357.61,317.13,375.26,311.94,375.26],"IndexInText":659,"OcrConfidence":1.0,"Text":"4","VisualLineNumber":19,"TextType":"Unknown"},{"Box":[376.91,312.62,5.19,17.65],"Polygon":[312.62,376.91,317.81,376.91,317.81,394.55,312.62,394.55],"IndexInText":661,"OcrConfidence":1.0,"Text":"6","VisualLineNumber":20,"TextType":"Unknown"},{"Box":[396.31,312.62,5.19,17.65],"Polygon":[312.62,396.31,317.81,396.31,317.81,413.96,312.62,413.96],"IndexInText":663,"OcrConfidence":1.0,"Text":"8","VisualLineNumber":21,"TextType":"Unknown"}]}]},{"IndexInText":666,"Language":"eng","Length":59,"Rotation":"None","SkewAngle":0.0,"Type":"Paragraph","WordGroups":[{"IndexInText":666,"Length":59,"Type":"Other","Words":[{"Box":[452.62,324.12,34.51,17.65],"Polygon":[324.12,452.62,358.63,452.62,358.63,470.26,324.12,470.26],"IndexInText":666,"OcrConfidence":1.0,"Text":"Remove","VisualLineNumber":23,"TextType":"Unknown"},{"Box":[452.62,361.12,20.22,17.65],"Polygon":[361.12,452.62,381.35,452.62,381.35,470.26,361.12,470.26],"IndexInText":673,"OcrConfidence":1.0,"Text":"CBE","VisualLineNumber":23,"TextType":"Unknown"},{"Box":[452.62,383.92,35.04,17.65],"Polygon":[383.92,452.62,418.96,452.62,418.96,470.26,383.92,470.26],"IndexInText":677,"OcrConfidence":1.0,"Text":"Member","VisualLineNumber":23,"TextType":"Unknown"},{"Box":[452.62,421.48,24.67,17.65],"Polygon":[421.48,452.62,446.15,452.62,446.15,470.26,421.48,470.26],"IndexInText":684,"OcrConfidence":1.0,"Text":"Email","VisualLineNumber":23,"TextType":"Unknown"},{"Box":[452.62,448.61,34.05,17.65],"Polygon":[448.61,452.62,482.66,452.62,482.66,470.26,448.61,470.26],"IndexInText":690,"OcrConfidence":1.0,"Text":"Address","VisualLineNumber":23,"TextType":"Unknown"},{"Box":[470.1,312.28,20.22,17.65],"Polygon":[312.28,470.1,332.5,470.1,332.5,487.75,312.28,487.75],"IndexInText":698,"OcrConfidence":1.0,"Text":"CBE","VisualLineNumber":24,"TextType":"Unknown"},{"Box":[470.1,335.06,39.01,17.65],"Polygon":[335.06,470.1,374.07,470.1,374.07,487.75,335.06,487.75],"IndexInText":702,"OcrConfidence":1.0,"Text":"Members","VisualLineNumber":24,"TextType":"Unknown"},{"Box":[470.1,376.67,31.53,17.65],"Polygon":[376.67,470.1,408.2,470.1,408.2,487.75,376.67,487.75],"IndexInText":710,"OcrConfidence":1.0,"Text":"Emails:","VisualLineNumber":24,"TextType":"Unknown"},{"Box":[487.71,312.28,5.19,17.65],"Polygon":[312.28,487.71,317.47,487.71,317.47,505.35,312.28,505.35],"IndexInText":718,"OcrConfidence":1.0,"Text":"1","VisualLineNumber":25,"TextType":"Unknown"},{"Box":[507.0,312.28,5.19,17.65],"Polygon":[312.28,507.0,317.47,507.0,317.47,524.65,312.28,524.65],"IndexInText":720,"OcrConfidence":1.0,"Text":"2","VisualLineNumber":26,"TextType":"Unknown"},{"Box":[526.29,312.28,5.19,17.65],"Polygon":[312.28,526.29,317.47,526.29,317.47,543.94,312.28,543.94],"IndexInText":722,"OcrConfidence":1.0,"Text":"3","VisualLineNumber":27,"TextType":"Unknown"},{"Box":[545.59,312.28,5.19,17.65],"Polygon":[312.28,545.59,317.47,545.59,317.47,563.23,312.28,563.23],"IndexInText":724,"OcrConfidence":1.0,"Text":"4","VisualLineNumber":28,"TextType":"Unknown"}]}]},{"IndexInText":727,"Language":"eng","Length":50,"Rotation":"None","SkewAngle":0.0,"Type":"Paragraph","WordGroups":[{"IndexInText":727,"Length":50,"Type":"Heading","Words":[{"Box":[604.48,159.82,41.95,17.65],"Polygon":[159.82,604.48,201.77,604.48,201.77,622.13,159.82,622.13],"IndexInText":727,"OcrConfidence":1.0,"Text":"Employee","VisualLineNumber":30,"TextType":"Unknown"},{"Box":[604.48,243.38,26.0,17.65],"Polygon":[243.38,604.48,269.38,604.48,269.38,622.13,243.38,622.13],"IndexInText":736,"OcrConfidence":1.0,"Text":"Direct","VisualLineNumber":30,"TextType":"Unknown"},{"Box":[604.48,271.8,36.84,17.65],"Polygon":[271.8,604.48,308.64,604.48,308.64,622.13,271.8,622.13],"IndexInText":743,"OcrConfidence":1.0,"Text":"Manager","VisualLineNumber":30,"TextType":"Unknown"},{"Box":[604.48,347.8,21.88,17.65],"Polygon":[347.8,604.48,369.68,604.48,369.68,622.13,347.8,622.13],"IndexInText":751,"OcrConfidence":1.0,"Text":"Head","VisualLineNumber":30,"TextType":"Unknown"},{"Box":[604.48,372.16,8.76,17.65],"Polygon":[372.16,604.48,380.92,604.48,380.92,622.13,372.16,622.13],"IndexInText":756,"OcrConfidence":1.0,"Text":"of","VisualLineNumber":30,"TextType":"Unknown"},{"Box":[604.48,383.55,26.35,17.65],"Polygon":[383.55,604.48,409.9,604.48,409.9,622.13,383.55,622.13],"IndexInText":759,"OcrConfidence":1.0,"Text":"Sector","VisualLineNumber":30,"TextType":"Unknown"},{"Box":[604.48,456.05,9.73,17.65],"Polygon":[456.05,604.48,465.78,604.48,465.78,622.13,456.05,622.13],"IndexInText":766,"OcrConfidence":1.0,"Text":"IT","VisualLineNumber":30,"TextType":"Unknown"},{"Box":[604.48,468.36,34.58,17.65],"Polygon":[468.36,604.48,502.94,604.48,502.94,622.13,468.36,622.13],"IndexInText":769,"OcrConfidence":1.0,"Text":"Director","VisualLineNumber":30,"TextType":"Unknown"}]}]},{"IndexInText":779,"Language":"eng","Length":65,"Rotation":"None","SkewAngle":0.0,"Type":"Paragraph","WordGroups":[{"IndexInText":779,"Length":65,"Type":"Other","Words":[{"Box":[625.81,89.01,24.79,17.65],"Polygon":[89.01,625.81,113.8,625.81,113.8,643.45,89.01,643.45],"IndexInText":779,"OcrConfidence":1.0,"Text":"Name","VisualLineNumber":31,"TextType":"Unknown"},{"Box":[651.42,89.01,39.7,17.65],"Polygon":[89.01,651.42,128.7,651.42,128.7,669.07,89.01,669.07],"IndexInText":784,"OcrConfidence":1.0,"Text":"Signature","VisualLineNumber":32,"TextType":"Unknown"},{"Box":[676.35,89.01,19.61,17.65],"Polygon":[89.01,676.35,108.61,676.35,108.61,694.0,89.01,694.0],"IndexInText":794,"OcrConfidence":1.0,"Text":"Date","VisualLineNumber":33,"TextType":"Unknown"},{"Box":[679.12,154.75,13.26,13.63],"Polygon":[154.75,679.12,168.01,679.12,168.01,692.74,154.75,692.74],"IndexInText":799,"OcrConfidence":1.0,"Text":".../","VisualLineNumber":33,"TextType":"Unknown"},{"Box":[679.12,170.53,13.26,13.63],"Polygon":[170.53,679.12,183.8,679.12,183.8,692.74,170.53,692.74],"IndexInText":804,"OcrConfidence":1.0,"Text":".../","VisualLineNumber":33,"TextType":"Unknown"},{"Box":[679.12,186.32,10.39,13.63],"Polygon":[186.32,679.12,196.71,679.12,196.71,692.74,186.32,692.74],"IndexInText":809,"OcrConfidence":1.0,"Text":"20","VisualLineNumber":33,"TextType":"Unknown"},{"Box":[679.12,260.18,2.89,13.63],"Polygon":[260.18,679.12,263.07,679.12,263.07,692.74,260.18,692.74],"IndexInText":812,"OcrConfidence":1.0,"Text":"/","VisualLineNumber":33,"TextType":"Unknown"},{"Box":[679.12,265.59,13.26,13.63],"Polygon":[265.59,679.12,278.86,679.12,278.86,692.74,265.59,692.74],"IndexInText":814,"OcrConfidence":1.0,"Text":".../","VisualLineNumber":33,"TextType":"Unknown"},{"Box":[679.12,281.38,10.39,13.63],"Polygon":[281.38,679.12,291.77,679.12,291.77,692.74,281.38,692.74],"IndexInText":819,"OcrConfidence":1.0,"Text":"20","VisualLineNumber":33,"TextType":"Unknown"},{"Box":[679.12,363.02,2.89,13.63],"Polygon":[363.02,679.12,365.91,679.12,365.91,692.74,363.02,692.74],"IndexInText":822,"OcrConfidence":1.0,"Text":"/","VisualLineNumber":33,"TextType":"Unknown"},{"Box":[679.12,368.43,13.26,13.63],"Polygon":[368.43,679.12,381.7,679.12,381.7,692.74,368.43,692.74],"IndexInText":824,"OcrConfidence":1.0,"Text":".../","VisualLineNumber":33,"TextType":"Unknown"},{"Box":[679.12,384.22,10.39,13.63],"Polygon":[384.22,679.12,394.61,679.12,394.61,692.74,384.22,692.74],"IndexInText":829,"OcrConfidence":1.0,"Text":"20","VisualLineNumber":33,"TextType":"Unknown"},{"Box":[679.12,463.72,2.89,13.63],"Polygon":[463.72,679.12,466.61,679.12,466.61,692.74,463.72,692.74],"IndexInText":832,"OcrConfidence":1.0,"Text":"/","VisualLineNumber":33,"TextType":"Unknown"},{"Box":[679.12,469.13,13.26,13.63],"Polygon":[469.13,679.12,482.4,679.12,482.4,692.74,469.13,692.74],"IndexInText":834,"OcrConfidence":1.0,"Text":".../","VisualLineNumber":33,"TextType":"Unknown"},{"Box":[679.12,484.92,20.77,13.63],"Polygon":[484.92,679.12,505.69,679.12,505.69,692.74,484.92,692.74],"IndexInText":839,"OcrConfidence":1.0,"Text":"20...","VisualLineNumber":33,"TextType":"Unknown"}]}]},{"IndexInText":846,"Language":"und","Length":4,"Rotation":"None","SkewAngle":-0.1,"Type":"Paragraph","WordGroups":[{"IndexInText":846,"Length":4,"Type":"Other","Words":[{"Box":[645.07,157.6,47.2,27.73],"Polygon":[157.6,645.07,204.8,645.07,204.8,672.8,157.6,672.8],"IndexInText":846,"OcrConfidence":0.98999995,"Text":"M","VisualLineNumber":32,"TextType":"Unknown"},{"Box":[644.0,246.93,38.13,29.07],"Polygon":[246.93,644.0,285.07,644.0,285.07,673.07,246.93,673.07],"IndexInText":848,"OcrConfidence":0.98999995,"Text":"50","VisualLineNumber":32,"TextType":"Unknown"}]}]},{"IndexInText":852,"Language":"eng","Length":55,"Rotation":"None","SkewAngle":0.0,"Type":"Paragraph","WordGroups":[{"IndexInText":852,"Length":50,"Type":"Other","Words":[{"Box":[707.95,83.93,3.89,9.53],"Polygon":[83.93,707.95,87.83,707.95,87.83,717.47,83.93,717.47],"IndexInText":852,"OcrConfidence":1.0,"Text":"*","VisualLineNumber":34,"TextType":"Unknown"},{"Box":[704.18,92.39,11.63,14.39],"Polygon":[92.39,704.18,104.01,704.18,104.01,718.57,92.39,718.57],"IndexInText":854,"OcrConfidence":1.0,"Text":"For","VisualLineNumber":34,"TextType":"Unknown"},{"Box":[704.18,106.16,12.34,14.39],"Polygon":[106.16,704.18,118.5,704.18,118.5,718.57,106.16,718.57],"IndexInText":858,"OcrConfidence":1.0,"Text":"any","VisualLineNumber":34,"TextType":"Unknown"},{"Box":[704.18,120.47,31.93,14.39],"Polygon":[120.47,704.18,152.4,704.18,152.4,718.57,120.47,718.57],"IndexInText":862,"OcrConfidence":1.0,"Text":"questions","VisualLineNumber":34,"TextType":"Unknown"},{"Box":[704.18,154.63,6.99,14.39],"Polygon":[154.63,704.18,161.62,704.18,161.62,718.57,154.63,718.57],"IndexInText":872,"OcrConfidence":1.0,"Text":"or","VisualLineNumber":34,"TextType":"Unknown"},{"Box":[704.18,163.76,31.76,14.39],"Polygon":[163.76,704.18,195.52,704.18,195.52,718.57,163.76,718.57],"IndexInText":875,"OcrConfidence":1.0,"Text":"inquiries,","VisualLineNumber":34,"TextType":"Unknown"},{"Box":[704.18,197.69,21.24,14.39],"Polygon":[197.69,704.18,218.93,704.18,218.93,718.57,197.69,718.57],"IndexInText":886,"OcrConfidence":1.0,"Text":"please","VisualLineNumber":34,"TextType":"Unknown"},{"Box":[704.18,221.04,14.07,14.39],"Polygon":[221.04,704.18,235.11,704.18,235.11,718.57,221.04,718.57],"IndexInText":893,"OcrConfidence":1.0,"Text":"Call","VisualLineNumber":34,"TextType":"Unknown"},{"Box":[704.18,237.29,12.38,14.39],"Polygon":[237.29,704.18,249.67,704.18,249.67,718.57,237.29,718.57],"IndexInText":898,"OcrConfidence":1.0,"Text":"ext.","VisualLineNumber":34,"TextType":"Unknown"}]},{"IndexInText":903,"Length":4,"Type":"Other","Words":[{"Box":[704.18,251.73,16.98,14.39],"Polygon":[251.73,704.18,268.7,704.18,268.7,718.57,251.73,718.57],"IndexInText":903,"OcrConfidence":1.0,"Text":"3333","VisualLineNumber":34,"TextType":"Unknown"}]}]},{"IndexInText":909,"Language":"eng","Length":107,"Rotation":"None","SkewAngle":0.0,"Type":"Paragraph","WordGroups":[{"IndexInText":909,"Length":107,"Type":"Other","Words":[{"Box":[718.33,83.93,3.89,9.53],"Polygon":[83.93,718.33,87.83,718.33,87.83,727.86,83.93,727.86],"IndexInText":909,"OcrConfidence":1.0,"Text":"*","VisualLineNumber":35,"TextType":"Unknown"},{"Box":[714.56,92.39,21.68,14.39],"Polygon":[92.39,714.56,114.07,714.56,114.07,728.95,92.39,728.95],"IndexInText":911,"OcrConfidence":1.0,"Text":"Please","VisualLineNumber":35,"TextType":"Unknown"},{"Box":[714.56,116.18,20.13,14.39],"Polygon":[116.18,714.56,136.32,714.56,136.32,728.95,116.18,728.95],"IndexInText":918,"OcrConfidence":1.0,"Text":"return","VisualLineNumber":35,"TextType":"Unknown"},{"Box":[714.56,138.4,16.07,14.39],"Polygon":[138.4,714.56,154.47,714.56,154.47,728.95,138.4,728.95],"IndexInText":925,"OcrConfidence":1.0,"Text":"back","VisualLineNumber":35,"TextType":"Unknown"},{"Box":[714.56,156.66,36.94,14.39],"Polygon":[156.66,714.56,193.61,714.56,193.61,728.95,156.66,728.95],"IndexInText":930,"OcrConfidence":1.0,"Text":"Completed","VisualLineNumber":35,"TextType":"Unknown"},{"Box":[714.56,195.69,27.0,14.39],"Polygon":[195.69,714.56,222.69,714.56,222.69,728.95,195.69,728.95],"IndexInText":940,"OcrConfidence":1.0,"Text":"Formto","VisualLineNumber":35,"TextType":"Unknown"},{"Box":[715.13,224.77,28.86,13.69],"Polygon":[224.77,715.13,253.63,715.13,253.63,728.82,224.77,728.82],"IndexInText":947,"OcrConfidence":1.0,"Text":"payment","VisualLineNumber":35,"TextType":"Unknown"},{"Box":[715.13,255.67,25.84,13.69],"Polygon":[255.67,715.13,281.51,715.13,281.51,728.82,255.67,728.82],"IndexInText":955,"OcrConfidence":1.0,"Text":"systems","VisualLineNumber":35,"TextType":"Unknown"},{"Box":[715.13,283.63,12.69,13.69],"Polygon":[283.63,715.13,296.32,715.13,296.32,728.82,283.63,728.82],"IndexInText":963,"OcrConfidence":1.0,"Text":"and","VisualLineNumber":35,"TextType":"Unknown"},{"Box":[715.13,298.51,28.56,13.69],"Polygon":[298.51,715.13,327.07,715.13,327.07,728.82,298.51,728.82],"IndexInText":967,"OcrConfidence":1.0,"Text":"business","VisualLineNumber":35,"TextType":"Unknown"},{"Box":[715.13,329.3,37.03,13.69],"Polygon":[329.3,715.13,366.33,715.13,366.33,728.82,329.3,728.82],"IndexInText":976,"OcrConfidence":1.0,"Text":"technology","VisualLineNumber":35,"TextType":"Unknown"},{"Box":[715.13,368.43,23.78,13.69],"Polygon":[368.43,715.13,392.21,715.13,392.21,728.82,368.43,728.82],"IndexInText":987,"OcrConfidence":1.0,"Text":"Sector,","VisualLineNumber":35,"TextType":"Unknown"},{"Box":[714.8,394.38,8.56,14.02],"Polygon":[394.38,714.8,402.94,714.8,402.94,728.82,394.38,728.82],"IndexInText":995,"OcrConfidence":1.0,"Text":"6th","VisualLineNumber":35,"TextType":"Unknown"},{"Box":[715.13,405.08,18.58,13.69],"Polygon":[405.08,715.13,423.67,715.13,423.67,728.82,405.08,728.82],"IndexInText":999,"OcrConfidence":1.0,"Text":"floor,","VisualLineNumber":35,"TextType":"Unknown"},{"Box":[715.13,425.72,19.75,13.69],"Polygon":[425.72,715.13,445.48,715.13,445.48,728.82,425.72,728.82],"IndexInText":1006,"OcrConfidence":1.0,"Text":"Room","VisualLineNumber":35,"TextType":"Unknown"},{"Box":[714.56,447.6,18.37,14.39],"Polygon":[447.6,714.56,465.98,714.56,465.98,728.95,447.6,728.95],"IndexInText":1011,"OcrConfidence":1.0,"Text":"(601)","VisualLineNumber":35,"TextType":"Unknown"}]}]},{"IndexInText":1018,"Language":"eng","Length":74,"Rotation":"None","SkewAngle":0.0,"Type":"Paragraph","WordGroups":[{"IndexInText":1018,"Length":74,"Type":"Other","Words":[{"Box":[754.05,362.01,9.7,14.39],"Polygon":[362.01,754.05,371.71,754.05,371.71,768.44,362.01,768.44],"IndexInText":1018,"OcrConfidence":1.0,"Text":"(*)","VisualLineNumber":36,"TextType":"Unknown"},{"Box":[754.05,373.85,13.23,14.39],"Polygon":[373.85,754.05,387.07,754.05,387.07,768.44,373.85,768.44],"IndexInText":1022,"OcrConfidence":1.0,"Text":"The","VisualLineNumber":36,"TextType":"Unknown"},{"Box":[754.05,389.18,20.22,14.39],"Polygon":[389.18,754.05,409.4,754.05,409.4,768.44,389.18,768.44],"IndexInText":1026,"OcrConfidence":1.0,"Text":"above","VisualLineNumber":36,"TextType":"Unknown"},{"Box":[754.05,411.62,35.58,14.39],"Polygon":[411.62,754.05,447.2,754.05,447.2,768.44,411.62,768.44],"IndexInText":1032,"OcrConfidence":1.0,"Text":"mentioned","VisualLineNumber":36,"TextType":"Unknown"},{"Box":[754.05,449.28,18.74,14.39],"Polygon":[449.28,754.05,468.02,754.05,468.02,768.44,449.28,768.44],"IndexInText":1042,"OcrConfidence":1.0,"Text":"fields","VisualLineNumber":36,"TextType":"Unknown"},{"Box":[754.05,470.24,10.3,14.39],"Polygon":[470.24,754.05,480.54,754.05,480.54,768.44,470.24,768.44],"IndexInText":1049,"OcrConfidence":1.0,"Text":"are","VisualLineNumber":36,"TextType":"Unknown"},{"Box":[754.05,482.66,36.25,14.39],"Polygon":[482.66,754.05,518.91,754.05,518.91,768.44,482.66,768.44],"IndexInText":1053,"OcrConfidence":1.0,"Text":"mandatory","VisualLineNumber":36,"TextType":"Unknown"},{"Box":[754.05,520.89,6.6,14.39],"Polygon":[520.89,754.05,527.49,754.05,527.49,768.44,520.89,768.44],"IndexInText":1063,"OcrConfidence":1.0,"Text":"to","VisualLineNumber":36,"TextType":"Unknown"},{"Box":[754.05,529.57,8.04,14.39],"Polygon":[529.57,754.05,537.61,754.05,537.61,768.44,529.57,768.44],"IndexInText":1066,"OcrConfidence":1.0,"Text":"be","VisualLineNumber":36,"TextType":"Unknown"},{"Box":[754.05,539.72,17.87,14.39],"Polygon":[539.72,754.05,557.59,754.05,557.59,768.44,539.72,768.44],"IndexInText":1069,"OcrConfidence":1.0,"Text":"filled","VisualLineNumber":36,"TextType":"Unknown"},{"Box":[770.54,500.14,57.01,12.85],"Polygon":[500.14,770.54,557.15,770.54,557.15,783.39,500.14,783.39],"IndexInText":1076,"OcrConfidence":1.0,"Text":"IT009-EL-All.V02","VisualLineNumber":37,"TextType":"Unknown"}]}]}],"ProcessingSource":"PdfAndOcr","IndexInText":0,"TextLength":1092,"SkewAngle":0.0,"Rotation":"None","PageMetadata":[{"Key":"ImageHash","Value":"2f16097d8e03f6cc8e1750fb7f94ca81"},{"Key":"OcrConfidence","Value":"0.975"}]}],"DocumentMetadata":[{"Key":"CommitSHA","Value":null},{"Key":"ReleaseVersion","Value":null},{"Key":"OcrConfidence","Value":"0.975"}]}