{"DocumentTypeId":"CBE.NoCategory.E-mailDistributionList","FormId":"b231c3c5","FormName":"Email Distribution List","OriginalFileExtension":"pdf","Pages":[{"Page":0,"Size":[0.0,0.0,612.0,792.0],"SkewAngle":0.0,"Evidence":[{"Text":"E-mail","Box":[68.45,223.98,46.31,27.27]},{"Text":"Distribution","Box":[68.45,274.16,83.5,27.27]},{"Text":"List","Box":[68.45,361.72,26.66,27.27]},{"Text":"Creation","Box":[92.48,204.81,60.37,27.27]},{"Text":"/","Box":[92.48,269.32,4.46,27.27]},{"Text":"Modification","Box":[92.48,277.67,87.8,27.27]},{"Text":"Form","Box":[92.48,369.45,38.17,27.27]}],"Fields":[{"Field":"CBE.NoCategory.E-mailDistributionList.RequestBy","Box":[147.1804,195.2393,116.3926,18.773]},{"Field":"CBE.NoCategory.E-mailDistributionList.Title","Box":[173.4626,108.1325,288.3534,14.2675]},{"Field":"CBE.NoCategory.E-mailDistributionList.Department","Box":[198.9939,138.9202,171.2098,12.7656]},{"Field":"CBE.NoCategory.E-mailDistributionList.Division","Box":[192.2356,411.5043,69.0847,18.773]},{"Field":"CBE.NoCategory.E-mailDistributionList.SeatNumber","Box":[219.2687,379.9656,99.8724,15.0184]},{"Field":"CBE.NoCategory.E-mailDistributionList.Location","Box":[221.5215,156.1914,87.8577,14.2675]},{"Field":"CBE.NoCategory.E-mailDistributionList.MobileNumber","Box":[243.2982,347.6761,183.9755,14.2675]},{"Field":"CBE.NoCategory.E-mailDistributionList.TelephoneExtension","Box":[244.0491,182.4736,82.6012,12.7656]},{"Field":"CBE.NoCategory.E-mailDistributionList.ListCreation","Box":[273.335,83.3521,170.4589,26.2822]}],"Tables":[]}],"AnchorBasedConfiguration":{"AnchorBasedFieldConfiguration":[]}}