{"DocumentTypeId":"CBE.NoCategory.ChangingPlaceRequest","FormId":"ecefaa4d","FormName":"Changing Place Request","OriginalFileExtension":"pdf","Pages":[{"Page":0,"Size":[0.0,0.0,595.0,842.0],"SkewAngle":-0.5,"Evidence":[{"Text":"Changing","Box":[108.02,221.1,69.34,17.34]},{"Text":"Place","Box":[108.55,293.11,38.41,13.6]},{"Text":"Request","Box":[109.08,334.45,57.61,16.54]},{"Text":"PC","Box":[138.42,233.64,22.94,13.6]},{"Text":"-","Box":[140.56,259.77,5.87,12.0]},{"Text":"Laptop","Box":[138.96,269.11,52.01,15.2]},{"Text":"-","Box":[141.09,324.05,6.13,12.0]},{"Text":"Phone","Box":[139.22,333.92,44.54,13.87]}],"Fields":[{"Field":"CBE.NoCategory.ChangingPlaceRequest.Name","Box":[196.3865,121.9202,185.4356,23.362]},{"Field":"CBE.NoCategory.ChangingPlaceRequest.Title","Box":[202.227,355.5399,119.0,19.7117]},{"Field":"CBE.NoCategory.ChangingPlaceRequest.Sector","Box":[222.6687,124.8405,128.4908,12.411]},{"Field":"CBE.NoCategory.ChangingPlaceRequest.Division","Box":[224.1288,378.9018,114.6196,13.8712]},{"Field":"CBE.NoCategory.ChangingPlaceRequest.MobileNumber","Box":[238.0,124.8405,154.773,18.2515]}],"Tables":[]},{"Page":1,"Size":[0.0,0.0,595.0,842.0],"SkewAngle":-0.1,"Evidence":[],"Fields":[],"Tables":[]},{"Page":2,"Size":[0.0,0.0,595.0,842.0],"SkewAngle":-0.3,"Evidence":[],"Fields":[],"Tables":[]}],"AnchorBasedConfiguration":{"AnchorBasedFieldConfiguration":[]}}