{"DataContractVersion":"1.1","DocumentTypes":[{"Connections":[],"DocumentTypeId":"CBE.NoCategory.E-mailDistributionList","Group":"CBE","Category":"","Name":"E-mail Distribution List","OptionalUniqueIdentifier":"","TypeField":{"FieldId":"CBE.NoCategory.E-mailDistributionList.DocumentType","FieldName":"Document Type"},"Fields":[{"FieldId":"CBE.NoCategory.E-mailDistributionList.RequestBy","FieldName":"Request By","IsMultiValue":false,"Type":"Text","DeriveFieldsFormat":"","Components":[],"SetValues":[],"Metadata":[{"Key":"Color","Value":"#038a18"},{"Key":"Hotkey","Value":"r"}],"RuleSet":null,"DefaultValue":"","DataSource":null},{"FieldId":"CBE.NoCategory.E-mailDistributionList.Title","FieldName":"Title","IsMultiValue":false,"Type":"Text","DeriveFieldsFormat":"","Components":[],"SetValues":[],"Metadata":[{"Key":"Color","Value":"#fa6616"},{"Key":"Hotkey","Value":"l"}],"RuleSet":null,"DefaultValue":"","DataSource":null},{"FieldId":"CBE.NoCategory.E-mailDistributionList.Department","FieldName":"Department","IsMultiValue":false,"Type":"Text","DeriveFieldsFormat":"","Components":[],"SetValues":[],"Metadata":[{"Key":"Color","Value":"#8a97a0"},{"Key":"Hotkey","Value":"e"}],"RuleSet":null,"DefaultValue":"","DataSource":null},{"FieldId":"CBE.NoCategory.E-mailDistributionList.Division","FieldName":"Division","IsMultiValue":false,"Type":"Text","DeriveFieldsFormat":"","Components":[],"SetValues":[],"Metadata":[{"Key":"Color","Value":"#6eb84a"},{"Key":"Hotkey","Value":"v"}],"RuleSet":null,"DefaultValue":"","DataSource":null},{"FieldId":"CBE.NoCategory.E-mailDistributionList.SeatNumber","FieldName":"Seat Number","IsMultiValue":false,"Type":"Text","DeriveFieldsFormat":"","Components":[],"SetValues":[],"Metadata":[{"Key":"Color","Value":"#c37fdf"},{"Key":"Hotkey","Value":"a"}],"RuleSet":null,"DefaultValue":"","DataSource":null},{"FieldId":"CBE.NoCategory.E-mailDistributionList.Location","FieldName":"Location","IsMultiValue":false,"Type":"Text","DeriveFieldsFormat":"","Components":[],"SetValues":[],"Metadata":[{"Key":"Color","Value":"#bca5c0"},{"Key":"Hotkey","Value":"c"}],"RuleSet":null,"DefaultValue":"","DataSource":null},{"FieldId":"CBE.NoCategory.E-mailDistributionList.MobileNumber","FieldName":"Mobile Number","IsMultiValue":false,"Type":"Text","DeriveFieldsFormat":"","Components":[],"SetValues":[],"Metadata":[{"Key":"Color","Value":"#3ddb77"},{"Key":"Hotkey","Value":"m"}],"RuleSet":null,"DefaultValue":"","DataSource":null},{"FieldId":"CBE.NoCategory.E-mailDistributionList.TelephoneExtension","FieldName":"Telephone Extension","IsMultiValue":false,"Type":"Text","DeriveFieldsFormat":"","Components":[],"SetValues":[],"Metadata":[{"Key":"Color","Value":"#fca027"},{"Key":"Hotkey","Value":"h"}],"RuleSet":null,"DefaultValue":"","DataSource":null},{"FieldId":"CBE.NoCategory.E-mailDistributionList.ListCreation","FieldName":"ListCreation","IsMultiValue":false,"Type":"Text","DeriveFieldsFormat":"","Components":[],"SetValues":[],"Metadata":[{"Key":"Color","Value":"#6eb84a"},{"Key":"Hotkey","Value":"q"}],"RuleSet":null,"DefaultValue":"","DataSource":null}]},{"Connections":[],"DocumentTypeId":"CBE.NoCategory.ChangingPlaceRequest","Group":"CBE","Category":"","Name":"Changing Place Request","OptionalUniqueIdentifier":"","TypeField":{"FieldId":"CBE.NoCategory.ChangingPlaceRequest.DocumentType","FieldName":"Document Type"},"Fields":[{"FieldId":"CBE.NoCategory.ChangingPlaceRequest.Name","FieldName":"Name","IsMultiValue":false,"Type":"Text","DeriveFieldsFormat":"","Components":[],"SetValues":[],"Metadata":[{"Key":"Color","Value":"#038a18"},{"Key":"Hotkey","Value":"a"}],"RuleSet":null,"DefaultValue":"","DataSource":null},{"FieldId":"CBE.NoCategory.ChangingPlaceRequest.Title","FieldName":"Title","IsMultiValue":false,"Type":"Text","DeriveFieldsFormat":"","Components":[],"SetValues":[],"Metadata":[{"Key":"Color","Value":"#fa6616"},{"Key":"Hotkey","Value":"l"}],"RuleSet":null,"DefaultValue":"","DataSource":null},{"FieldId":"CBE.NoCategory.ChangingPlaceRequest.Sector","FieldName":"Sector","IsMultiValue":false,"Type":"Text","DeriveFieldsFormat":"","Components":[],"SetValues":[],"Metadata":[{"Key":"Color","Value":"#8a97a0"},{"Key":"Hotkey","Value":"e"}],"RuleSet":null,"DefaultValue":"","DataSource":null},{"FieldId":"CBE.NoCategory.ChangingPlaceRequest.Division","FieldName":"Division","IsMultiValue":false,"Type":"Text","DeriveFieldsFormat":"","Components":[],"SetValues":[],"Metadata":[{"Key":"Color","Value":"#6eb84a"},{"Key":"Hotkey","Value":"v"}],"RuleSet":null,"DefaultValue":"","DataSource":null},{"FieldId":"CBE.NoCategory.ChangingPlaceRequest.MobileNumber","FieldName":"Mobile Number","IsMultiValue":false,"Type":"Text","DeriveFieldsFormat":"","Components":[],"SetValues":[],"Metadata":[{"Key":"Color","Value":"#d2d550"},{"Key":"Hotkey","Value":"m"}],"RuleSet":null,"DefaultValue":"","DataSource":null},{"FieldId":"CBE.NoCategory.ChangingPlaceRequest.CurrentDepartment","FieldName":"Current Department","IsMultiValue":false,"Type":"Text","DeriveFieldsFormat":"","Components":[],"SetValues":[],"Metadata":[{"Key":"Color","Value":"#8a97a0"},{"Key":"Hotkey","Value":"c"}],"RuleSet":null,"DefaultValue":"","DataSource":null},{"FieldId":"CBE.NoCategory.ChangingPlaceRequest.NewDepartment","FieldName":"New Department","IsMultiValue":false,"Type":"Text","DeriveFieldsFormat":"","Components":[],"SetValues":[],"Metadata":[{"Key":"Color","Value":"#dd52f9"},{"Key":"Hotkey","Value":"w"}],"RuleSet":null,"DefaultValue":"","DataSource":null}]}],"Groups":[{"Name":"CBE","Categories":[""]}],"SupportedLanguages":[{"Name":"Undetermined Language","Code":"und"},{"Name":"Bulgarian","Code":"bul"},{"Name":"Cantonese","Code":"yue"},{"Name":"Danish","Code":"dan"},{"Name":"Dutch","Code":"nld"},{"Name":"English","Code":"eng"},{"Name":"French","Code":"fra"},{"Name":"Georgian","Code":"kat"},{"Name":"German","Code":"deu"},{"Name":"Greek","Code":"ell"},{"Name":"Hebrew","Code":"heb"},{"Name":"Hindi","Code":"hin"},{"Name":"Italian","Code":"ita"},{"Name":"Japanese","Code":"jpn"},{"Name":"Korean","Code":"kor"},{"Name":"Macedonian","Code":"mkd"},{"Name":"Mandarin","Code":"zho"},{"Name":"Marathi","Code":"mar"},{"Name":"Norwegian","Code":"nor"},{"Name":"Polish","Code":"pol"},{"Name":"Portuguese","Code":"por"},{"Name":"Romanian","Code":"ron"},{"Name":"Russian","Code":"rus"},{"Name":"Serbian","Code":"srp"},{"Name":"Spanish","Code":"spa"},{"Name":"Swedish","Code":"swe"},{"Name":"Telugu","Code":"tel"},{"Name":"Turkish","Code":"tur"}]}